{
    "loss": 0.8981797695159912,
    "accuracy": 0.8627451062202454
}