{
    "loss": 6.649013042449951,
    "accuracy": 0.4803921580314636
}